"","HomeAbbrv","home_team","AwayAbbrv","away_team","HomeScore","AwayScore","total_pred","line","outcomes_point","Line_Pred_diff","Bet_Over_Under"
"1","ATL","Atlanta Hawks","CHA","Charlotte Hornets",101.556634130383,104.593997171672,206.150631302056,1.89,213.5,7.3493686979445,"Under"
"2","CHI","Chicago Bulls","BOS","Boston Celtics",118.884318897727,123.485407956507,242.369726854234,1.89,221,21.3697268542339,"Over"
"3","HOU","Houston Rockets","UTA","Utah Jazz",112.61490445064,105.154457528268,217.769361978908,1.91,228,10.2306380210917,"Under"
"4","NYK","New York Knicks","BKN","Brooklyn Nets",103.636750917456,99.6831032891802,203.319854206636,1.93,203,0.319854206636194,"Over"
"5","ORL","Orlando Magic","SAC","Sacramento Kings",112.843143354579,107.568877459756,220.412020814335,1.91,218,2.41202081433465,"Over"
"6","POR","Portland Trail Blazers","DEN","Denver Nuggets",105.897361422069,111.573994454557,217.471355876625,1.91,212,5.47135587662544,"Over"
"7","SAS","San Antonio Spurs","PHX","Phoenix Suns",118.570252962378,121.70547445924,240.275727421619,1.91,232,8.27572742161885,"Over"
"8","WAS","Washington Wizards","TOR","Toronto Raptors",104.508057074255,106.405171564281,210.913228638536,1.93,231.5,20.5867713614645,"Under"
