"","HomeAbbrv","home_team","AwayAbbrv","away_team","HomeScore","AwayScore","total_pred_rf","line","outcomes_point","Line_Pred_diff","Bet_Over_Under"
"1","BOS","Boston Celtics","MIL","Milwaukee Bucks",121.58221957672,116.512592592593,238.094812169312,1.93,225.5,12.5948121693122,"Over"
"2","CLE","Cleveland Cavaliers","MIA","Miami Heat",101.986444444444,100.364761904762,202.351206349206,1.93,206.5,4.14879365079361,"Under"
"3","DET","Detroit Pistons","IND","Indiana Pacers",113.855277777778,116.604333333333,230.459611111111,1.91,235,4.54038888888886,"Under"
"4","GSW","Golden State Warriors","MEM","Memphis Grizzlies",108.336851851852,108.047777777778,216.38462962963,1.89,219,2.61537037037036,"Under"
"5","OKC","Oklahoma City Thunder","UTA","Utah Jazz",116.584333333333,110.814870573871,227.399203907204,1.95,232.5,5.10079609279609,"Under"
"6","PHX","Phoenix Suns","PHI","Philadelphia 76ers",100.946888888889,102.834761904762,203.781650793651,1.91,223,19.2183492063492,"Under"
"7","POR","Portland Trail Blazers","LAC","Los Angeles Clippers",106.547904761905,108.757238095238,215.305142857143,1.91,215.5,0.194857142857103,"Under"
"8","TOR","Toronto Raptors","SAC","Sacramento Kings",113.835072829132,115.81350965701,229.648582486141,1.93,233.5,3.85141751385868,"Under"
