"","HomeAbbrv","home_team","AwayAbbrv","away_team","HomeScore","AwayScore","total_pred_rf","line","outcomes_point","Line_Pred_diff","Bet_Over_Under"
"1","ATL","Atlanta Hawks","CHA","Charlotte Hornets",106.257222222222,102.27218037518,208.529402597403,1.89,213.5,4.97059740259738,"Under"
"2","CHI","Chicago Bulls","BOS","Boston Celtics",114.834132497133,123.845995023791,238.680127520924,1.89,221,17.6801275209239,"Over"
"3","HOU","Houston Rockets","UTA","Utah Jazz",111.825,106.314537037037,218.139537037037,1.91,228,9.86046296296291,"Under"
"4","NYK","New York Knicks","BKN","Brooklyn Nets",107.23991005291,102.866092592593,210.106002645503,1.93,203,7.10600264550263,"Over"
"5","ORL","Orlando Magic","SAC","Sacramento Kings",111.095179487179,108.275044252044,219.370223739224,1.91,218,1.37022373922372,"Over"
"6","POR","Portland Trail Blazers","DEN","Denver Nuggets",107.448497354497,111.474444444444,218.922941798942,1.91,212,6.92294179894179,"Over"
"7","SAS","San Antonio Spurs","PHX","Phoenix Suns",116.22837037037,118.382158730159,234.610529100529,1.91,232,2.61052910052911,"Over"
"8","WAS","Washington Wizards","TOR","Toronto Raptors",109.278444444444,108.075607843137,217.354052287582,1.93,231.5,14.1459477124183,"Under"
