"","HomeAbbrv","home_team","AwayAbbrv","away_team","HomeScore","AwayScore","total_pred","line","outcomes_point","Line_Pred_diff","Bet_Over_Under"
"1","DET","Detroit Pistons","BOS","Boston Celtics",116.963961900328,127.416549523287,244.380511423615,1.91,223,21.380511423615,"Over"
"2","GSW","Golden State Warriors","IND","Indiana Pacers",123.996198834634,121.145822835238,245.142021669872,1.91,240,5.14202166987172,"Over"
"3","LAL","Los Angeles Lakers","PHI","Philadelphia 76ers",99.6735723906758,102.012225136589,201.685797527265,1.91,225,23.314202472735,"Under"
"4","MIA","Miami Heat","NOP","New Orleans Pelicans",104.158552541564,104.589021416984,208.747573958548,1.91,210,1.25242604145205,"Under"
"5","MIN","Minnesota Timberwolves","CLE","Cleveland Cavaliers",103.62931718097,101.701726619186,205.331043800157,1.89,206.5,1.16895619984336,"Under"
"6","POR","Portland Trail Blazers","LAC","Los Angeles Clippers",106.175141514525,109.500258621929,215.675400136454,1.91,216.5,0.824599863545814,"Under"
"7","SAS","San Antonio Spurs","MEM","Memphis Grizzlies",109.579397315372,113.076201017555,222.655598332927,1.89,217,5.65559833292667,"Over"
"8","TOR","Toronto Raptors","OKC","Oklahoma City Thunder",118.98482401143,123.910549829233,242.895373840663,1.93,231.5,11.3953738406632,"Over"
