,HomeAbbrv,home_team,AwayAbbrv,away_team,HomeScore,AwayScore,total_pred,line,outcomes_point,Line_Pred_diff,Bet_Over_Under,HomeScore,AwayScore,total_pred_rf,line,outcomes_point,Line_Pred_diff,Bet_Over_Under
1,DAL,Dallas Mavericks,UTA,Utah Jazz,114.7410108,112.0478258,226.7888366,1.91,237.5,10.71116337,Under,112.9449026,109.7077407,222.6526433,1.91,237.5,14.84735668,Under
2,DEN,Denver Nuggets,NYK,New York Knicks,96.3320493,96.9856041,193.3176534,1.91,208,14.6823466,Under,100.5932619,105.262,205.8552619,1.91,208,2.144738095,Under
3,HOU,Houston Rockets,CHI,Chicago Bulls,113.6050103,112.2099886,225.8149988,1.89,218.5,7.314998844,Over,114.2635556,114.0508612,228.3144168,1.89,218.5,9.814416783,Over
4,MIL,Milwaukee Bucks,BKN,Brooklyn Nets,107.3052958,108.9696031,216.2748989,1.93,220.5,4.225101066,Under,110.9765741,106.338549,217.3151231,1.93,220.5,3.184876906,Under
5,ORL,Orlando Magic,NOP,New Orleans Pelicans,106.1190306,106.5572391,212.6762697,1.93,207.5,5.176269698,Over,109.7048405,110.5809558,220.2857963,1.93,207.5,12.78579629,Over
6,PHX,Phoenix Suns,ATL,Atlanta Hawks,115.0579725,109.6467914,224.7047639,1.93,226,1.295236131,Under,109.7951852,109.2719392,219.0671243,1.93,226,6.932875661,Under
7,WAS,Washington Wizards,SAC,Sacramento Kings,118.2053542,123.5815856,241.7869398,1.91,237.5,4.286939782,Over,113.0487391,118.8083333,231.8570725,1.91,237.5,5.642927536,Under