"","HomeAbbrv","home_team","AwayAbbrv","away_team","HomeScore","AwayScore","total_pred_rf","line","outcomes_point","Line_Pred_diff","Bet_Over_Under"
"1","DET","Detroit Pistons","BOS","Boston Celtics",112.190253968254,121.135407407407,233.325661375661,1.91,223,10.3256613756614,"Over"
"2","GSW","Golden State Warriors","IND","Indiana Pacers",119.604116959064,119.739587301587,239.343704260652,1.91,240,0.656295739348366,"Under"
"3","LAL","Los Angeles Lakers","PHI","Philadelphia 76ers",110.040777777778,108.386222222222,218.427,1.91,225,6.57300000000001,"Under"
"4","MIA","Miami Heat","NOP","New Orleans Pelicans",108.659444444444,106.834660894661,215.494105339105,1.91,210,5.49410533910532,"Over"
"5","MIN","Minnesota Timberwolves","CLE","Cleveland Cavaliers",108.473222222222,108.349188374978,216.8224105972,1.89,206.5,10.3224105972001,"Over"
"6","POR","Portland Trail Blazers","LAC","Los Angeles Clippers",106.367401875902,113.070920634921,219.438322510823,1.91,216.5,2.93832251082256,"Over"
"7","SAS","San Antonio Spurs","MEM","Memphis Grizzlies",111.462833333333,112.452996031746,223.915829365079,1.89,217,6.91582936507933,"Over"
"8","TOR","Toronto Raptors","OKC","Oklahoma City Thunder",115.966444444444,120.971740740741,236.938185185185,1.93,231.5,5.43818518518515,"Over"
