"","HomeAbbrv","home_team","AwayAbbrv","away_team","HomeScore","AwayScore","total_pred","line","outcomes_point","Line_Pred_diff","Bet_Over_Under"
"1","BOS","Boston Celtics","MIL","Milwaukee Bucks",120.947947934886,113.464590875395,234.412538810281,1.93,225.5,8.91253881028052,"Over"
"2","CLE","Cleveland Cavaliers","MIA","Miami Heat",96.1618573439058,94.8164812630045,190.97833860691,1.93,206.5,15.5216613930897,"Under"
"3","DET","Detroit Pistons","IND","Indiana Pacers",121.040888784813,121.917638626877,242.95852741169,1.91,235,7.95852741168966,"Over"
"4","GSW","Golden State Warriors","MEM","Memphis Grizzlies",105.126541398954,106.246142878276,211.37268427723,1.89,219,7.62731572277005,"Under"
"5","OKC","Oklahoma City Thunder","UTA","Utah Jazz",117.681003471089,112.128523772326,229.809527243415,1.95,232.5,2.69047275658528,"Under"
"6","PHX","Phoenix Suns","PHI","Philadelphia 76ers",94.7485989326414,96.1000916975107,190.848690630152,1.91,223,32.151309369848,"Under"
"7","POR","Portland Trail Blazers","LAC","Los Angeles Clippers",106.336534432068,109.554224205822,215.89075863789,1.91,215.5,0.390758637889775,"Over"
"8","TOR","Toronto Raptors","SAC","Sacramento Kings",114.991977077517,117.757370239755,232.749347317272,1.93,233.5,0.750652682727889,"Under"
