"","""nameTeam""","slugOpponent","slugTeam","firstscore","firstup","firstlow","secondscore","secondup","secondlwr","total_pred","total_pred_lwr","total_pred_up"
"1","nameTeam","CHA","PHX",113.654898430207,133.887565977265,93.4222308831483,115.980609726724,136.197974381024,95.7632450724232,229.635508156931,189.185475955571,270.08554035829
"2","nameTeam","DET","MIA",100.7079150263,120.954031212166,80.4617988404327,108.730392985403,128.960953009795,88.4998329610119,209.438308011703,168.961631801445,249.914984221961
"3","nameTeam","TOR","ORL",98.2866429303757,118.546553019261,78.0267328414903,105.399037003372,125.639460564392,85.1586134423525,203.685679933748,163.185346283843,244.186013583653
"4","nameTeam","SAS","DEN",113.726785743314,133.971373136088,93.4821983505404,121.434267832879,141.648937784285,101.219597881473,235.161053576193,194.701796232013,275.620310920373
"5","nameTeam","UTA","ATL",114.136409349626,134.423250341296,93.8495683579566,112.298249893196,132.589797889524,92.0067018968683,226.434659242822,185.856270254825,267.01304823082
