,"""nameTeam""",slugOpponent,slugTeam,firstscore,firstup,firstlow,secondscore,secondup,secondlwr,total_pred,total_pred_lwr,total_pred_up,first,second,total
1,nameTeam,DET,TOR,115.9465396,136.1677454,95.72533382,116.951035,137.1784412,96.72362887,232.8975746,192.4489627,273.3461866,113,104,217
2,nameTeam,ORL,BKN,107.3883961,127.5948678,87.18192443,105.0646096,125.2757511,84.85346815,212.4530057,172.0353926,252.8706189,114,106,220
3,nameTeam,IND,CHI,110.0513888,130.2990526,89.80372492,115.2663855,135.4864711,95.04629981,225.3177742,184.8500247,265.7855237,129,132,261
4,nameTeam,MIA,DEN,117.7001817,137.9504651,97.44989832,117.9313015,138.1704913,97.69211171,235.6314832,195.14201,276.1209564,88,100,188
5,nameTeam,MEM,CHA,102.390867,122.6134973,82.16823666,99.26165404,119.4871398,79.0361683,201.652521,161.204405,242.100637,98,110,208
6,nameTeam,NOP,CLE,101.9344169,122.1741632,81.69467064,101.8712361,122.1049751,81.63749719,203.8056531,163.3321678,244.2791383,95,116,211
7,nameTeam,DAL,GSW,114.5289883,134.7637263,94.29425025,115.4365936,135.6628559,95.21033124,229.9655818,189.5045815,270.4265822,99,109,208
8,nameTeam,POR,ATL,113.2600956,133.5217096,92.99848157,108.0060294,128.2957371,87.71632169,221.266125,180.7148033,261.8174467,106,102,208
9,nameTeam,SAC,LAL,121.5092752,141.7221642,101.2963863,121.1081958,141.3189359,100.8974557,242.617471,202.193842,283.0411001,120,107,227